document_name,document_type,name,date_of_birth,document_number,address,issue_date,expiry_date,label
demo_doc_35.png,DRIVER_LICENSE,,1967-05-13,,,1985-06-06,1995-06-06,INCONSISTENT_DEMO
demo_doc_28.png,PASSPORT,Ethan Kowalski,1988-04-01,B2585763,"997 Cedar St, Springfield",2012-08-12,2017-08-12,AUTHENTIC_DEMO
demo_doc_46.png,DRIVER_LICENSE,Ethan Carter,1983-03-12,D8444083,"652 Pine St, Springfield",1979-04-01,1989-04-01,INCONSISTENT_DEMO
demo_doc_33.png,ID_CARD,Noah Carter,1974-06-18,C7852113,"204 Oak St, Springfield",1972-09-02,1982-09-02,INCONSISTENT_DEMO
demo_doc_18.png,DRIVER_LICENSE,Isabella Nguyen,1998-01-17,C9671283,"318 Cedar St, Springfield",2024-09-07,2029-09-07,AUTHENTIC_DEMO
demo_doc_9.png,PASSPORT,Lucas Garcia,1970-12-19,A6815141,"503 Elm St, Springfield",2012-11-08,2017-11-08,AUTHENTIC_DEMO
demo_doc_15.png,PASSPORT,Oliver Patel,1994-06-13,D4684409,"637 Oak St, Springfield",2014-03-28,2024-03-28,AUTHENTIC_DEMO
demo_doc_7.png,ID_CARD,Ava Okafor,1995-10-24,B6345911,"570 Elm St, Springfield",2014-03-22,2019-03-22,AUTHENTIC_DEMO
demo_doc_43.png,ID_CARD,,1998-06-28,,,2018-05-04,2028-05-04,INCONSISTENT_DEMO
demo_doc_1.png,DRIVER_LICENSE,Noah Muller,1986-11-10,D4624119,"812 Pine St, Springfield",2020-03-17,2025-03-17,AUTHENTIC_DEMO
demo_doc_23.png,DRIVER_LICENSE,Ethan Kim,1984-09-23,A3715749,"321 Oak St, Springfield",2011-07-23,2016-07-23,AUTHENTIC_DEMO
demo_doc_8.png,PASSPORT,Mia Rossi,1998-05-08,A3830189,"68 Oak St, Springfield",2022-06-06,2027-06-06,AUTHENTIC_DEMO
demo_doc_14.png,ID_CARD,Noah Patel,1966-07-04,B1424748,"658 Pine St, Springfield",1993-02-28,1998-02-28,AUTHENTIC_DEMO
demo_doc_36.png,PASSPORT,Isabella Carter,0000-00-00,D4470037,"232 Elm St, Springfield",2023-05-25,2033-05-25,INCONSISTENT_DEMO
demo_doc_20.png,ID_CARD,Lucas Kowalski,1988-08-17,D7736284,"73 Oak St, Springfield",2006-01-22,2016-01-22,AUTHENTIC_DEMO
demo_doc_27.png,DRIVER_LICENSE,Noah Muller,1977-02-07,B1576740,"360 Cedar St, Springfield",1995-02-17,2000-02-17,AUTHENTIC_DEMO
demo_doc_13.png,PASSPORT,Noah Carter,1968-12-01,C6472218,"660 Oak St, Springfield",2023-07-09,2033-07-09,AUTHENTIC_DEMO
demo_doc_39.png,DRIVER_LICENSE,Sophia Garcia,0000-00-00,D7342458,"228 Pine St, Springfield",2021-05-02,2031-05-02,INCONSISTENT_DEMO
demo_doc_44.png,ID_CARD,Emma Silva,1968-08-25,D4655151,"33 Cedar St, Springfield",1966-05-02,1976-05-02,INCONSISTENT_DEMO
demo_doc_21.png,PASSPORT,Ava Garcia,1997-07-24,D8650278,"817 Oak St, Springfield",2021-07-11,2031-07-11,AUTHENTIC_DEMO
demo_doc_5.png,DRIVER_LICENSE,Emma Kowalski,1964-02-18,D7509717,"206 Cedar St, Springfield",1991-09-14,2001-09-14,AUTHENTIC_DEMO
demo_doc_48.png,ID_CARD,Oliver Garcia,1989-03-07,B1173515,"640 Oak St, Springfield",2011-04-18,2010-04-18,INCONSISTENT_DEMO
demo_doc_16.png,ID_CARD,Emma Silva,1998-12-17,A1131245,"397 Pine St, Springfield",2017-07-25,2022-07-25,AUTHENTIC_DEMO
demo_doc_45.png,ID_CARD,,1967-10-21,,,2016-09-18,2026-09-18,INCONSISTENT_DEMO
demo_doc_37.png,ID_CARD,Mia Nguyen,1985-10-06,C7077033,"587 Oak St, Springfield",2003-07-19,2002-07-19,INCONSISTENT_DEMO
demo_doc_29.png,ID_CARD,Mia Patel,1996-07-17,A6178186,"193 Pine St, Springfield",2020-09-08,2025-09-08,AUTHENTIC_DEMO
demo_doc_4.png,DRIVER_LICENSE,Sophia Patel,1981-07-16,B4135808,"682 Maple St, Springfield",2014-04-03,2019-04-03,AUTHENTIC_DEMO
demo_doc_2.png,PASSPORT,Ava Carter,1997-07-03,B4896553,"944 Oak St, Springfield",2015-07-24,2025-07-24,AUTHENTIC_DEMO
demo_doc_10.png,ID_CARD,Noah Silva,1988-07-25,D1963531,"858 Cedar St, Springfield",2007-05-22,2017-05-22,AUTHENTIC_DEMO
demo_doc_49.png,DRIVER_LICENSE,Lucas Nguyen,1985-02-25,A4408406,"718 Oak St, Springfield",1983-10-19,1993-10-19,INCONSISTENT_DEMO
demo_doc_30.png,PASSPORT,Isabella Kowalski,1961-11-19,A2349581,"447 Oak St, Springfield",1988-01-16,1998-01-16,AUTHENTIC_DEMO
demo_doc_25.png,DRIVER_LICENSE,Mia Kowalski,1972-05-03,A6404140,"528 Cedar St, Springfield",1999-11-17,2004-11-17,AUTHENTIC_DEMO
demo_doc_40.png,PASSPORT,Emma Carter,0000-00-00,C3338110,"749 Oak St, Springfield",2017-07-05,2027-07-05,INCONSISTENT_DEMO
demo_doc_32.png,DRIVER_LICENSE,Lucas Nguyen,0000-00-00,C1985834,"166 Maple St, Springfield",2021-05-22,2031-05-22,INCONSISTENT_DEMO
demo_doc_24.png,ID_CARD,Liam Silva,1965-09-10,D8756928,"111 Oak St, Springfield",2010-04-22,2020-04-22,AUTHENTIC_DEMO
demo_doc_22.png,ID_CARD,Emma Nguyen,1990-03-16,C4622308,"799 Pine St, Springfield",2016-04-16,2026-04-16,AUTHENTIC_DEMO
demo_doc_19.png,ID_CARD,Isabella Rossi,1982-02-11,D2805332,"889 Maple St, Springfield",2020-02-21,2030-02-21,AUTHENTIC_DEMO
demo_doc_11.png,ID_CARD,Ava Muller,1970-07-03,C3451397,"155 Pine St, Springfield",1991-05-05,2001-05-05,AUTHENTIC_DEMO
demo_doc_34.png,DRIVER_LICENSE,Mia Kowalski,1971-01-23,C9284797,"490 Oak St, Springfield",2017-01-09,2016-01-09,INCONSISTENT_DEMO
demo_doc_42.png,PASSPORT,,1981-08-12,,,2007-02-12,2017-02-12,INCONSISTENT_DEMO
demo_doc_47.png,DRIVER_LICENSE,,1997-12-03,,,2015-05-11,2025-05-11,INCONSISTENT_DEMO
demo_doc_17.png,DRIVER_LICENSE,Emma Kim,1998-06-24,A5105570,"399 Oak St, Springfield",2020-12-10,2030-12-10,AUTHENTIC_DEMO
demo_doc_6.png,DRIVER_LICENSE,Mia Okafor,1984-06-16,D5457784,"28 Maple St, Springfield",2007-12-23,2017-12-23,AUTHENTIC_DEMO
demo_doc_41.png,DRIVER_LICENSE,Ava Carter,1997-05-19,D4303919,"498 Oak St, Springfield",2023-08-22,2023-08-22,INCONSISTENT_DEMO
demo_doc_50.png,ID_CARD,Liam Garcia,0000-00-00,A7705555,"310 Cedar St, Springfield",2016-07-02,2026-07-02,INCONSISTENT_DEMO
demo_doc_12.png,PASSPORT,Ava Garcia,1969-06-20,D9127865,"596 Pine St, Springfield",2006-03-18,2016-03-18,AUTHENTIC_DEMO
demo_doc_31.png,ID_CARD,Sophia Rossi,1977-03-12,C5999410,"656 Maple St, Springfield",2023-02-22,2022-02-22,INCONSISTENT_DEMO
demo_doc_38.png,DRIVER_LICENSE,Liam Garcia,0000-00-00,C3061037,"165 Oak St, Springfield",2021-07-20,2031-07-20,INCONSISTENT_DEMO
demo_doc_26.png,DRIVER_LICENSE,Emma Kowalski,1977-12-13,B7587885,"479 Pine St, Springfield",2008-08-20,2018-08-20,AUTHENTIC_DEMO
demo_doc_3.png,ID_CARD,Isabella Okafor,1981-09-16,A7181508,"24 Oak St, Springfield",2022-02-04,2027-02-04,AUTHENTIC_DEMO
